/*
 Navicat Premium Data Transfer

 Source Server         : MySQL
 Source Server Type    : MySQL
 Source Server Version : 50726
 Source Host           : localhost:3306
 Source Schema         : vblogdb

 Target Server Type    : MySQL
 Target Server Version : 50726
 File Encoding         : 65001

 Date: 13/08/2019 23:28:11
*/

SET NAMES utf8mb4;
SET FOREIGN_KEY_CHECKS = 0;

-- ----------------------------
-- Table structure for entity_blog
-- ----------------------------
DROP TABLE IF EXISTS `entity_blog`;
CREATE TABLE `entity_blog`  (
  `id` int(11) NOT NULL AUTO_INCREMENT,
  `title` varchar(35) CHARACTER SET utf8mb4 COLLATE utf8mb4_general_ci DEFAULT NULL COMMENT '博客标题',
  `user_id` int(11) DEFAULT NULL COMMENT '作者ID',
  `create_date` datetime(0) DEFAULT NULL COMMENT '创建时间',
  `summary` varchar(255) CHARACTER SET utf8mb4 COLLATE utf8mb4_general_ci DEFAULT NULL COMMENT '描述',
  `text` text CHARACTER SET utf8mb4 COLLATE utf8mb4_general_ci COMMENT '博文文本',
  `type_id` varchar(255) CHARACTER SET utf8mb4 COLLATE utf8mb4_general_ci DEFAULT NULL COMMENT '类型ID',
  `state_id` int(11) DEFAULT NULL COMMENT '状态ID,发布状态，草稿状态，退回状态，删除状态',
  PRIMARY KEY (`id`) USING BTREE
) ENGINE = InnoDB AUTO_INCREMENT = 14 CHARACTER SET = utf8mb4 COLLATE = utf8mb4_general_ci ROW_FORMAT = Dynamic;

-- ----------------------------
-- Records of entity_blog
-- ----------------------------
INSERT INTO `entity_blog` VALUES (1, '鸿蒙 OS 共有四大技术特性', 111, '2019-08-05 22:49:51', '重庆保时捷女司机揭露了丑恶世道，但终要相信有善有正义有张小敬这样的长安不良帅重庆保时捷女司机揭露了丑恶世道，但终要相信有善有正义有张小敬这样的长安不良帅重庆保时捷女司机揭露了丑恶世道，但终要相信有善有正义有张小敬这样的长安不良帅重庆保时捷女司机揭露了丑恶世道，但终要相信有善有正义有张小敬这', '<div id=\"article_content\" class=\"article_content clearfix\">\r\n                                                                <link rel=\"stylesheet\" href=\"https://csdnimg.cn/release/phoenix/template/css/ck_htmledit_views-3019150162.css\">\r\n                                        <div id=\"content_views\" class=\"markdown_views prism-atom-one-dark\">\r\n                    <!-- flowchart 箭头图标 勿删 -->\r\n                    <svg xmlns=\"http://www.w3.org/2000/svg\" style=\"display: none;\">\r\n                        <path stroke-linecap=\"round\" d=\"M5,0 0,2.5 5,5z\" id=\"raphael-marker-block\" style=\"-webkit-tap-highlight-color: rgba(0, 0, 0, 0);\"></path>\r\n                    </svg>\r\n                                            <p>中美技术战之下，无数国人在无数个日夜中无不为中华崛起而奋斗，就在今天，我家成果终于初长成！</p>\r\n<p>日前，正在于东莞松山湖总部举办的华为开发者大会上，华为消费者业务 CEO 余承东正式宣布了极具「开天辟地」般意义的鸿蒙 OS 的到来。</p>\r\n<h2><a name=\"t0\"></a><a id=\"_OS__4\"></a>鸿蒙 OS 共有四大技术特性</h2>\r\n<p>之所以研发鸿蒙 OS，其实不仅是为了避免关键时期被扼住喉咙的尴尬，对此，余承东也表示，目前 Android/Linux 系统内核代码庞大冗余，难以保证不同终端体验流畅，同时多终端互联网对设备安全也提出了更高的要求，需要软件生态与硬件绑定，降低用户体验与开发效率，因此鸿蒙 OS 应运而生。<br>\r\n<img src=\"https://img-blog.csdnimg.cn/20190809173446904.jpg?x-oss-process=image/watermark,type_ZmFuZ3poZW5naGVpdGk,shadow_10,text_aHR0cHM6Ly9jc2RubmV3cy5ibG9nLmNzZG4ubmV0,size_16,color_FFFFFF,t_70\" alt=\"\"></p>\r\n<p>虽同是基于微内核，但鸿蒙 OS 与 Google Fuchsia 的微内核有所不同，鸿蒙 OS 是一款基于微内核的全场景分布式 OS，顾名思义，其不仅面向的是智慧大屏、穿戴、车机、音响、手表、手机、PC 等设备的全场景，还有分布式架构支撑，可以提供天生流畅内核级安全生态系统。<br>\r\n<img src=\"https://imgconvert.csdnimg.cn/aHR0cHM6Ly91cGxvYWRlci5zaGltby5pbS9mL0NudDhuS25YZG80SVpmU2gucG5n\" alt=\"在这里插入图片描述\"><br>\r\n细分而言，余承东表示鸿蒙 OS 有以下四大技术优势：</p>\r\n<ul>\r\n<li><strong>分布式架构：实现跨终端无缝协同体验</strong></li>\r\n</ul>\r\n<p>鸿蒙 OS 的“分布式 OS 架构”和“分布式软总线技术”通过公共通信平台，分布式数据管理，分布式能力调度和虚拟外设四大能力，将相应分布式应用的底层技术实现难度对应用开发者屏蔽，使开发者能够聚焦自身业务逻辑，像开发同一终端一样开发跨终端分布式应用，也使最终消费者享受到强大的跨终端业务协同能力为各使用场景带来的无缝体验。<br>\r\n<img src=\"https://img-blog.csdnimg.cn/20190809173528187.jpg?x-oss-process=image/watermark,type_ZmFuZ3poZW5naGVpdGk,shadow_10,text_aHR0cHM6Ly9jc2RubmV3cy5ibG9nLmNzZG4ubmV0,size_16,color_FFFFFF,t_70\" alt=\"\"></p>\r\n<ul>\r\n<li><strong>天生流畅：确定时延引擎和高性能 IPC 两大技术</strong></li>\r\n</ul>\r\n<p>鸿蒙 OS 通过使用确定时延引擎和高性能 IPC 两大技术解决现有系统性能不足的问题。确定时延引擎可在任务执行前分配系统中任务执行优先级及时限进行调度处理，优先级高的任务资源将优先保障调度，应用响应时延降低 25.7%。鸿蒙微内核结构小巧的特性使 IPC（进程间通信）性能大大提高，进程通信效率较现有系统提升 5 倍。</p>\r\n<ul>\r\n<li><strong>内核安全：基于微内核架构重塑终端设备可信安全</strong></li>\r\n</ul>\r\n<p>鸿蒙 OS 采用全新的微内核设计，拥有更强的安全特性和低时延等特点。微内核设计的基本思想是简化内核功能，在内核之外的用户态尽可能多地实现系统服务，同时加入相互之间的安全保护。微内核只提供最基础的服务，比如多进程调度和多进程通信等。<br>\r\n<img src=\"https://img-blog.csdnimg.cn/20190809173652833.jpg?x-oss-process=image/watermark,type_ZmFuZ3poZW5naGVpdGk,shadow_10,text_aHR0cHM6Ly9jc2RubmV3cy5ibG9nLmNzZG4ubmV0,size_16,color_FFFFFF,t_70\" alt=\"\"></p>\r\n<p>鸿蒙 OS 将微内核技术应用于可信执行环境（TEE），通过形式化方法，重塑可信安全。形式化方法是利用数学方法，从源头验证系统正确，无漏洞的有效手段。传统验证方法如功能验证，模拟攻击等只能在选择的有限场景进行验证，而形式化方法可通过数据模型验证所有软件运行路径。</p>\r\n<ul>\r\n<li><strong>生态共享：统一 IDE 支撑一次开发，多端部署</strong></li>\r\n</ul>\r\n<p>鸿蒙 OS 凭借多终端开发 IDE，多语言统一编译，分布式架构 Kit 提供屏幕布局控件以及交互的自动适配，支持控件拖拽，面向预览的可视化编程，从而使开发者可以基于同一工程高效构建多端自动运行 App，实现真正的一次开发，多端部署，在跨设备之间实现共享生态。华为方舟编译器是首个取代 Android 虚拟机模式的静态编译器，可供开发者在开发环境中一次性将高级语言编译为机器码。此外，方舟编译器未来将支持多语言统一编译，可大幅提高开发效率。</p>\r\n<h2><a name=\"t1\"></a><a id=\"_OS__33\"></a>鸿蒙 OS 的现状</h2>\r\n<p>在大会上，余承东表示，华为鸿蒙微内核已经投入商用，用于支付、人脸识别、指纹这种高安全级别场景，首次通过了形式化方法的认证，未来华为整个操作系统都将使用鸿蒙。</p>\r\n<p>其实早在 2017 年，鸿蒙内核 1.0 就已完成了技术验证；2018 年，鸿蒙内核 2.0 用于终端 TEE；2019 年，鸿蒙 OS 1.0 将正式落地在智慧屏产品。也就是在明天下午的开发者大会上，华为子品牌荣耀将要发布的新品智慧屏就会首发搭载鸿蒙 OS。<br>\r\n<img src=\"https://imgconvert.csdnimg.cn/aHR0cHM6Ly91cGxvYWRlci5zaGltby5pbS9mL045QVRtVmRKd1lzU1JLdzEucG5n\" alt=\"\"><br>\r\n此外，根据华为发布的鸿蒙 OS 路标显示，预计到 2020 年，鸿蒙 OS 2.0 将落地在创新国产 PC、手表/手环、以及车机等产品中，到了 2021 年，其也会在音箱、耳机等设备上实现同步应用。</p>\r\n<p>当下余承东还宣布，鸿蒙系统将免费开源，并邀请开发者一起来开发这个面向未来的系统。<br>\r\n<img src=\"https://img-blog.csdnimg.cn/2019080917093023.jpg\" alt=\"\"></p>\r\n<h2><a name=\"t2\"></a><a id=\"_Android_OS__44\"></a>优先支持 Android，鸿蒙 OS 可随时使用！</h2>\r\n<p>此前，任正非在接受英国媒体采访时曾表示：“鸿蒙系统的产生，本身并不是为了手机用，而是为了做物联网来用的，比如自动驾驶、工业自动化，因为它能够精确控制时延在五毫秒以下，甚至达到毫秒级到亚毫秒级。”</p>\r\n<p>彼时此消息一出，不少开发者稍显失落，并发出“鸿蒙 OS 是否仅为物联网操作系统?”的疑问，而在今天，余承东给了明确的回答，其表示，鸿蒙 OS 可以用在多种设备上，包括手表、手环、车机、PC、平板，当然也可以用在手机上。不过考虑到生态原因，当下还是优先使用 Google Android 操作系统，如果 Android 操作系统无法使用了，大家就随时可以启用鸿蒙 OS。</p>\r\n<h2><a name=\"t3\"></a><a id=\"_50\"></a>华为方舟编译器</h2>\r\n<p>“出于 Android，胜于 Android，超越 iOS，并且全面兼容 Android”的华为方舟编译器在诞生之际就带有重大的使命。<br>\r\n<img src=\"https://img-blog.csdnimg.cn/20190809173757784.jpg?x-oss-process=image/watermark,type_ZmFuZ3poZW5naGVpdGk,shadow_10,text_aHR0cHM6Ly9jc2RubmV3cy5ibG9nLmNzZG4ubmV0,size_16,color_FFFFFF,t_70\" alt=\"\"><br>\r\n在大会上，华为消费者业务 CEO 余承东表示，方舟编译器是一款真正支持多编程语言统一的编译器，可以支持 C/C++、Java、JS、Kotlin 等语言，可以帮助开发者有 60% 以上的性能提升。</p>\r\n<p>此外，方舟编译器也借助了分布式能力，提供了 Kit 开发跨终端应用，包括分布式软总线 Kit 等等。</p>\r\n<p><strong>扩展阅读</strong></p>\r\n<ul>\r\n<li><a href=\"https://blog.csdn.net/csdnnews/article/details/98908096\" rel=\"nofollow\" data-token=\"a6d740bdc156a4737ae1efb5a21e7603\">华为方舟编译器开源，我命由我不由天！</a></li>\r\n</ul>\r\n\r\n                                    </div>\r\n                <link href=\"https://csdnimg.cn/release/phoenix/mdeditor/markdown_views-e44c3c0e64.css\" rel=\"stylesheet\">\r\n                    </div>', '1', 1);
INSERT INTO `entity_blog` VALUES (2, '漫画：我是程序员，总想打测试工程师怎么办？', 222, '2019-08-06 22:49:51', '漫画：我是程序员，总想打测试工程师怎么办？漫画：我是程序员，总想打测试工程师怎么办？漫画：我是程序员，总想打测试工程师怎么办？漫画：我是程序员，总想打测试工程师怎么办？漫画：我是程序员，总想打测试工程师怎么办？', 'dfghgvnghdghdfgh', '1', 2);
INSERT INTO `entity_blog` VALUES (3, '相比于寒冬，互联网公司更怕夏天', 111, '2019-08-06 22:49:51', '相比于寒冬，互联网公司更怕夏天相比于寒冬，互联网公司更怕夏天相比于寒冬，互联网公司更怕夏天相比于寒冬，互联网公司更怕夏天相比于寒冬，互联网公司更怕夏天', '<article class=\"markdown-body entry-content p-5\" itemprop=\"text\"><h1><a id=\"user-content-editormd\" class=\"anchor\" aria-hidden=\"true\" href=\"#editormd\"><svg class=\"octicon octicon-link\" viewBox=\"0 0 16 16\" version=\"1.1\" width=\"16\" height=\"16\" aria-hidden=\"true\"><path fill-rule=\"evenodd\" d=\"M4 9h1v1H4c-1.5 0-3-1.69-3-3.5S2.55 3 4 3h4c1.45 0 3 1.69 3 3.5 0 1.41-.91 2.72-2 3.25V8.59c.58-.45 1-1.27 1-2.09C10 5.22 8.98 4 8 4H4c-.98 0-2 1.22-2 2.5S3 9 4 9zm9-3h-1v1h1c1 0 2 1.22 2 2.5S13.98 12 13 12H9c-.98 0-2-1.22-2-2.5 0-.83.42-1.64 1-2.09V6.25c-1.09.53-2 1.84-2 3.25C6 11.31 7.55 13 9 13h4c1.45 0 3-1.69 3-3.5S14.5 6 13 6z\"></path></svg></a>Editor.md</h1>\r\n<p><a target=\"_blank\" rel=\"noopener noreferrer\" href=\"https://camo.githubusercontent.com/b39e5c062500d805c098bc47a9713d420d8130aa/68747470733a2f2f70616e64616f2e6769746875622e696f2f656469746f722e6d642f696d616765732f6c6f676f732f656469746f726d642d6c6f676f2d313830783138302e706e67\"><img src=\"https://camo.githubusercontent.com/b39e5c062500d805c098bc47a9713d420d8130aa/68747470733a2f2f70616e64616f2e6769746875622e696f2f656469746f722e6d642f696d616765732f6c6f676f732f656469746f726d642d6c6f676f2d313830783138302e706e67\" alt=\"\" data-canonical-src=\"https://pandao.github.io/editor.md/images/logos/editormd-logo-180x180.png\" style=\"max-width:100%;\"></a></p>\r\n<p><a target=\"_blank\" rel=\"noopener noreferrer\" href=\"https://camo.githubusercontent.com/f9e30cf9da6582e72fb7b47aeea07d9fc3776a4a/68747470733a2f2f696d672e736869656c64732e696f2f6769746875622f73746172732f70616e64616f2f656469746f722e6d642e737667\"><img src=\"https://camo.githubusercontent.com/f9e30cf9da6582e72fb7b47aeea07d9fc3776a4a/68747470733a2f2f696d672e736869656c64732e696f2f6769746875622f73746172732f70616e64616f2f656469746f722e6d642e737667\" alt=\"\" data-canonical-src=\"https://img.shields.io/github/stars/pandao/editor.md.svg\" style=\"max-width:100%;\"></a>\r\n<a target=\"_blank\" rel=\"noopener noreferrer\" href=\"https://camo.githubusercontent.com/e989ee0b8e4206c776a746102b5a5085d61ea082/68747470733a2f2f696d672e736869656c64732e696f2f6769746875622f666f726b732f70616e64616f2f656469746f722e6d642e737667\"><img src=\"https://camo.githubusercontent.com/e989ee0b8e4206c776a746102b5a5085d61ea082/68747470733a2f2f696d672e736869656c64732e696f2f6769746875622f666f726b732f70616e64616f2f656469746f722e6d642e737667\" alt=\"\" data-canonical-src=\"https://img.shields.io/github/forks/pandao/editor.md.svg\" style=\"max-width:100%;\"></a>\r\n<a target=\"_blank\" rel=\"noopener noreferrer\" href=\"https://camo.githubusercontent.com/1f3602693125e8cfc2db712afacf7b4832273e78/68747470733a2f2f696d672e736869656c64732e696f2f6769746875622f7461672f70616e64616f2f656469746f722e6d642e737667\"><img src=\"https://camo.githubusercontent.com/1f3602693125e8cfc2db712afacf7b4832273e78/68747470733a2f2f696d672e736869656c64732e696f2f6769746875622f7461672f70616e64616f2f656469746f722e6d642e737667\" alt=\"\" data-canonical-src=\"https://img.shields.io/github/tag/pandao/editor.md.svg\" style=\"max-width:100%;\"></a>\r\n<a target=\"_blank\" rel=\"noopener noreferrer\" href=\"https://camo.githubusercontent.com/7a93a55cec8944b4ddc48cf954267547392c02c9/68747470733a2f2f696d672e736869656c64732e696f2f6769746875622f72656c656173652f70616e64616f2f656469746f722e6d642e737667\"><img src=\"https://camo.githubusercontent.com/7a93a55cec8944b4ddc48cf954267547392c02c9/68747470733a2f2f696d672e736869656c64732e696f2f6769746875622f72656c656173652f70616e64616f2f656469746f722e6d642e737667\" alt=\"\" data-canonical-src=\"https://img.shields.io/github/release/pandao/editor.md.svg\" style=\"max-width:100%;\"></a>\r\n<a target=\"_blank\" rel=\"noopener noreferrer\" href=\"https://camo.githubusercontent.com/72148687ce514f22b201ae347744330039669706/68747470733a2f2f696d672e736869656c64732e696f2f6769746875622f6973737565732f70616e64616f2f656469746f722e6d642e737667\"><img src=\"https://camo.githubusercontent.com/72148687ce514f22b201ae347744330039669706/68747470733a2f2f696d672e736869656c64732e696f2f6769746875622f6973737565732f70616e64616f2f656469746f722e6d642e737667\" alt=\"\" data-canonical-src=\"https://img.shields.io/github/issues/pandao/editor.md.svg\" style=\"max-width:100%;\"></a>\r\n<a target=\"_blank\" rel=\"noopener noreferrer\" href=\"https://camo.githubusercontent.com/2df813de78454c7b875ce279374e4361b4dd39f8/68747470733a2f2f696d672e736869656c64732e696f2f626f7765722f762f656469746f722e6d642e737667\"><img src=\"https://camo.githubusercontent.com/2df813de78454c7b875ce279374e4361b4dd39f8/68747470733a2f2f696d672e736869656c64732e696f2f626f7765722f762f656469746f722e6d642e737667\" alt=\"\" data-canonical-src=\"https://img.shields.io/bower/v/editor.md.svg\" style=\"max-width:100%;\"></a></p>\r\n<p><strong>Editor.md</strong> : The open source embeddable online markdown editor (component), based on CodeMirror &amp; jQuery &amp; Marked.</p>\r\n<h3><a id=\"user-content-features\" class=\"anchor\" aria-hidden=\"true\" href=\"#features\"><svg class=\"octicon octicon-link\" viewBox=\"0 0 16 16\" version=\"1.1\" width=\"16\" height=\"16\" aria-hidden=\"true\"><path fill-rule=\"evenodd\" d=\"M4 9h1v1H4c-1.5 0-3-1.69-3-3.5S2.55 3 4 3h4c1.45 0 3 1.69 3 3.5 0 1.41-.91 2.72-2 3.25V8.59c.58-.45 1-1.27 1-2.09C10 5.22 8.98 4 8 4H4c-.98 0-2 1.22-2 2.5S3 9 4 9zm9-3h-1v1h1c1 0 2 1.22 2 2.5S13.98 12 13 12H9c-.98 0-2-1.22-2-2.5 0-.83.42-1.64 1-2.09V6.25c-1.09.53-2 1.84-2 3.25C6 11.31 7.55 13 9 13h4c1.45 0 3-1.69 3-3.5S14.5 6 13 6z\"></path></svg></a>Features</h3>\r\n<ul>\r\n<li>Support Standard Markdown / CommonMark and GFM (GitHub Flavored Markdown);</li>\r\n<li>Full-featured: Real-time Preview, Image (cross-domain) upload, Preformatted text/Code blocks/Tables insert, Code fold, Search replace, Read only, Themes, Multi-languages, L18n, HTML entities, Code syntax highlighting...;</li>\r\n<li>Markdown Extras : Support <a href=\"https://pandao.github.io/editor.md/examples/toc.html\" rel=\"nofollow\">ToC (Table of Contents)</a>, <a href=\"https://pandao.github.io/editor.md/examples/emoji.html\" rel=\"nofollow\">Emoji</a>, <a href=\"https://pandao.github.io/editor.md/examples/task-lists.html\" rel=\"nofollow\">Task lists</a>, <a href=\"https://pandao.github.io/editor.md/examples/@links.html\" rel=\"nofollow\">@Links</a>...;</li>\r\n<li>Compatible with all major browsers (IE8+), compatible Zepto.js and iPad;</li>\r\n<li>Support <a href=\"https://pandao.github.io/editor.md/examples/html-tags-decode.html\" rel=\"nofollow\">decode &amp; fliter of the HTML tags &amp; attributes</a>;</li>\r\n<li>Support <a href=\"https://pandao.github.io/editor.md/examples/katex.html\" rel=\"nofollow\">TeX (LaTeX expressions, Based on KaTeX)</a>, <a href=\"https://pandao.github.io/editor.md/examples/flowchart.html\" rel=\"nofollow\">Flowchart</a> and <a href=\"https://pandao.github.io/editor.md/examples/sequence-diagram.html\" rel=\"nofollow\">Sequence Diagram</a> of Markdown extended syntax;</li>\r\n<li>Support AMD/CMD (Require.js &amp; Sea.js) Module Loader, and Custom/define editor plugins;</li>\r\n</ul>\r\n<p><a href=\"https://pandao.github.io/editor.md/en.html\" rel=\"nofollow\">README &amp; Examples (English)</a></p>\r\n<hr>\r\n<p><strong>Editor.md</strong> 是一款开源的、可嵌入的 Markdown 在线编辑器（组件），基于 CodeMirror、jQuery 和 Marked 构建。</p>\r\n<p><a target=\"_blank\" rel=\"noopener noreferrer\" href=\"https://camo.githubusercontent.com/65daba94cfd2da981dba7a39f3f39dff108dd6ca/68747470733a2f2f70616e64616f2e6769746875622e696f2f656469746f722e6d642f6578616d706c65732f696d616765732f656469746f726d642d73637265656e73686f742e706e67\"><img src=\"https://camo.githubusercontent.com/65daba94cfd2da981dba7a39f3f39dff108dd6ca/68747470733a2f2f70616e64616f2e6769746875622e696f2f656469746f722e6d642f6578616d706c65732f696d616765732f656469746f726d642d73637265656e73686f742e706e67\" alt=\"editormd-screenshot\" title=\"editormd-screenshot\" data-canonical-src=\"https://pandao.github.io/editor.md/examples/images/editormd-screenshot.png\" style=\"max-width:100%;\"></a></p>\r\n<h4><a id=\"user-content-主要特性\" class=\"anchor\" aria-hidden=\"true\" href=\"#主要特性\"><svg class=\"octicon octicon-link\" viewBox=\"0 0 16 16\" version=\"1.1\" width=\"16\" height=\"16\" aria-hidden=\"true\"><path fill-rule=\"evenodd\" d=\"M4 9h1v1H4c-1.5 0-3-1.69-3-3.5S2.55 3 4 3h4c1.45 0 3 1.69 3 3.5 0 1.41-.91 2.72-2 3.25V8.59c.58-.45 1-1.27 1-2.09C10 5.22 8.98 4 8 4H4c-.98 0-2 1.22-2 2.5S3 9 4 9zm9-3h-1v1h1c1 0 2 1.22 2 2.5S13.98 12 13 12H9c-.98 0-2-1.22-2-2.5 0-.83.42-1.64 1-2.09V6.25c-1.09.53-2 1.84-2 3.25C6 11.31 7.55 13 9 13h4c1.45 0 3-1.69 3-3.5S14.5 6 13 6z\"></path></svg></a>主要特性</h4>\r\n<ul>\r\n<li>支持通用 Markdown / CommonMark 和 GFM (GitHub Flavored Markdown) 风格的语法，也可<a href=\"https://pandao.github.io/editor.md/examples/change-mode.html\" rel=\"nofollow\">变身为代码编辑器</a>；</li>\r\n<li>支持实时预览、图片（跨域）上传、预格式文本/代码/表格插入、代码折叠、跳转到行、搜索替换、只读模式、自定义样式主题和多语言语法高亮等功能；</li>\r\n<li>支持 <a href=\"https://pandao.github.io/editor.md/examples/toc.html\" rel=\"nofollow\">ToC（Table of Contents）</a>、<a href=\"https://pandao.github.io/editor.md/examples/emoji.html\" rel=\"nofollow\">Emoji表情</a>、<a href=\"https://pandao.github.io/editor.md/examples/task-lists.html\" rel=\"nofollow\">Task lists</a>、<a href=\"https://pandao.github.io/editor.md/examples/@links.html\" rel=\"nofollow\">@链接</a>等 Markdown 扩展语法；</li>\r\n<li>支持 TeX 科学公式（基于 <a href=\"https://pandao.github.io/editor.md/examples/katex.html\" rel=\"nofollow\">KaTeX</a>）、流程图 <a href=\"https://pandao.github.io/editor.md/examples/flowchart.html\" rel=\"nofollow\">Flowchart</a> 和 <a href=\"https://pandao.github.io/editor.md/examples/sequence-diagram.html\" rel=\"nofollow\">时序图 Sequence Diagram</a>;</li>\r\n<li>支持<a href=\"https://pandao.github.io/editor.md/examples/html-tags-decode.html\" rel=\"nofollow\">识别和解析 HTML 标签，并且支持自定义过滤标签及属性解析</a>，具有可靠的安全性和几乎无限的扩展性；</li>\r\n<li>支持 AMD / CMD 模块化加载（支持 <a href=\"https://pandao.github.io/editor.md/examples/use-requirejs.html\" rel=\"nofollow\">Require.js</a> &amp; <a href=\"https://pandao.github.io/editor.md/examples/use-seajs.html\" rel=\"nofollow\">Sea.js</a>），并且支持<a href=\"https://pandao.github.io/editor.md/examples/define-plugin.html\" rel=\"nofollow\">自定义扩展插件</a>；</li>\r\n<li>兼容主流的浏览器（IE8+）和 <a href=\"https://pandao.github.io/editor.md/examples/use-zepto.html\" rel=\"nofollow\">Zepto.js</a>，且支持 iPad 等平板设备；</li>\r\n</ul>\r\n<h4><a id=\"user-content-download--install\" class=\"anchor\" aria-hidden=\"true\" href=\"#download--install\"><svg class=\"octicon octicon-link\" viewBox=\"0 0 16 16\" version=\"1.1\" width=\"16\" height=\"16\" aria-hidden=\"true\"><path fill-rule=\"evenodd\" d=\"M4 9h1v1H4c-1.5 0-3-1.69-3-3.5S2.55 3 4 3h4c1.45 0 3 1.69 3 3.5 0 1.41-.91 2.72-2 3.25V8.59c.58-.45 1-1.27 1-2.09C10 5.22 8.98 4 8 4H4c-.98 0-2 1.22-2 2.5S3 9 4 9zm9-3h-1v1h1c1 0 2 1.22 2 2.5S13.98 12 13 12H9c-.98 0-2-1.22-2-2.5 0-.83.42-1.64 1-2.09V6.25c-1.09.53-2 1.84-2 3.25C6 11.31 7.55 13 9 13h4c1.45 0 3-1.69 3-3.5S14.5 6 13 6z\"></path></svg></a>Download &amp; install</h4>\r\n<p>Download:</p>\r\n<p><a href=\"https://github.com/pandao/editor.md/archive/master.zip\">Github download</a></p>\r\n<p>NPM install :</p>\r\n<div class=\"highlight highlight-source-shell\"><pre>npm install editor.md</pre></div>\r\n<p>Bower install :</p>\r\n<div class=\"highlight highlight-source-shell\"><pre>bower install editor.md</pre></div>\r\n<h4><a id=\"user-content-usages\" class=\"anchor\" aria-hidden=\"true\" href=\"#usages\"><svg class=\"octicon octicon-link\" viewBox=\"0 0 16 16\" version=\"1.1\" width=\"16\" height=\"16\" aria-hidden=\"true\"><path fill-rule=\"evenodd\" d=\"M4 9h1v1H4c-1.5 0-3-1.69-3-3.5S2.55 3 4 3h4c1.45 0 3 1.69 3 3.5 0 1.41-.91 2.72-2 3.25V8.59c.58-.45 1-1.27 1-2.09C10 5.22 8.98 4 8 4H4c-.98 0-2 1.22-2 2.5S3 9 4 9zm9-3h-1v1h1c1 0 2 1.22 2 2.5S13.98 12 13 12H9c-.98 0-2-1.22-2-2.5 0-.83.42-1.64 1-2.09V6.25c-1.09.53-2 1.84-2 3.25C6 11.31 7.55 13 9 13h4c1.45 0 3-1.69 3-3.5S14.5 6 13 6z\"></path></svg></a>Usages</h4>\r\n<h5><a id=\"user-content-create-a-markdown-editor\" class=\"anchor\" aria-hidden=\"true\" href=\"#create-a-markdown-editor\"><svg class=\"octicon octicon-link\" viewBox=\"0 0 16 16\" version=\"1.1\" width=\"16\" height=\"16\" aria-hidden=\"true\"><path fill-rule=\"evenodd\" d=\"M4 9h1v1H4c-1.5 0-3-1.69-3-3.5S2.55 3 4 3h4c1.45 0 3 1.69 3 3.5 0 1.41-.91 2.72-2 3.25V8.59c.58-.45 1-1.27 1-2.09C10 5.22 8.98 4 8 4H4c-.98 0-2 1.22-2 2.5S3 9 4 9zm9-3h-1v1h1c1 0 2 1.22 2 2.5S13.98 12 13 12H9c-.98 0-2-1.22-2-2.5 0-.83.42-1.64 1-2.09V6.25c-1.09.53-2 1.84-2 3.25C6 11.31 7.55 13 9 13h4c1.45 0 3-1.69 3-3.5S14.5 6 13 6z\"></path></svg></a>Create a Markdown editor</h5>\r\n<div class=\"highlight highlight-text-html-basic\"><pre>&lt;<span class=\"pl-ent\">link</span> <span class=\"pl-e\">rel</span>=<span class=\"pl-s\"><span class=\"pl-pds\">\"</span>stylesheet<span class=\"pl-pds\">\"</span></span> <span class=\"pl-e\">href</span>=<span class=\"pl-s\"><span class=\"pl-pds\">\"</span>editor.md/css/editormd.min.css<span class=\"pl-pds\">\"</span></span> /&gt;\r\n&lt;<span class=\"pl-ent\">div</span> <span class=\"pl-e\">id</span>=<span class=\"pl-s\"><span class=\"pl-pds\">\"</span>editor<span class=\"pl-pds\">\"</span></span>&gt;\r\n    <span class=\"pl-c\"><span class=\"pl-c\">&lt;!--</span> Tips: Editor.md can auto append a `&lt;textarea&gt;` tag <span class=\"pl-c\">--&gt;</span></span>\r\n    &lt;<span class=\"pl-ent\">textarea</span> <span class=\"pl-e\">style</span>=<span class=\"pl-s\"><span class=\"pl-pds\">\"</span><span class=\"pl-s1\"><span class=\"pl-c1\"><span class=\"pl-c1\">display</span></span>:<span class=\"pl-c1\">none</span>;</span><span class=\"pl-pds\">\"</span></span>&gt;### Hello Editor.md !&lt;/<span class=\"pl-ent\">textarea</span>&gt;\r\n&lt;/<span class=\"pl-ent\">div</span>&gt;\r\n&lt;<span class=\"pl-ent\">script</span> <span class=\"pl-e\">src</span>=<span class=\"pl-s\"><span class=\"pl-pds\">\"</span>jquery.min.js<span class=\"pl-pds\">\"</span></span>&gt;&lt;/<span class=\"pl-ent\">script</span>&gt;\r\n&lt;<span class=\"pl-ent\">script</span> <span class=\"pl-e\">src</span>=<span class=\"pl-s\"><span class=\"pl-pds\">\"</span>editor.md/editormd.min.js<span class=\"pl-pds\">\"</span></span>&gt;&lt;/<span class=\"pl-ent\">script</span>&gt;\r\n&lt;<span class=\"pl-ent\">script</span> <span class=\"pl-e\">type</span>=<span class=\"pl-s\"><span class=\"pl-pds\">\"</span>text/javascript<span class=\"pl-pds\">\"</span></span>&gt;<span class=\"pl-s1\"></span>\r\n<span class=\"pl-s1\">    <span class=\"pl-en\">$</span>(<span class=\"pl-k\">function</span>() {</span>\r\n<span class=\"pl-s1\">        <span class=\"pl-k\">var</span> editor <span class=\"pl-k\">=</span> <span class=\"pl-en\">editormd</span>(<span class=\"pl-s\"><span class=\"pl-pds\">\"</span>editor<span class=\"pl-pds\">\"</span></span>, {</span>\r\n<span class=\"pl-s1\">            <span class=\"pl-c\"><span class=\"pl-c\">//</span> width: \"100%\",</span></span>\r\n<span class=\"pl-s1\">            <span class=\"pl-c\"><span class=\"pl-c\">//</span> height: \"100%\",</span></span>\r\n<span class=\"pl-s1\">            <span class=\"pl-c\"><span class=\"pl-c\">//</span> markdown: \"xxxx\",     // dynamic set Markdown text</span></span>\r\n<span class=\"pl-s1\">            path <span class=\"pl-k\">:</span> <span class=\"pl-s\"><span class=\"pl-pds\">\"</span>editor.md/lib/<span class=\"pl-pds\">\"</span></span>  <span class=\"pl-c\"><span class=\"pl-c\">//</span> Autoload modules mode, codemirror, marked... dependents libs path</span></span>\r\n<span class=\"pl-s1\">        });</span>\r\n<span class=\"pl-s1\">    });</span>\r\n<span class=\"pl-s1\"></span>&lt;/<span class=\"pl-ent\">script</span>&gt;</pre></div>\r\n<p>If you using modular script loader:</p>\r\n<ul>\r\n<li><a href=\"https://github.com/pandao/editor.md/tree/master/examples/use-requirejs.html\">Using Require.js</a></li>\r\n<li><a href=\"https://github.com/pandao/editor.md/tree/master/examples/use-seajs.html\">Using Sea.js</a></li>\r\n</ul>\r\n<h5><a id=\"user-content-markdown-to-html\" class=\"anchor\" aria-hidden=\"true\" href=\"#markdown-to-html\"><svg class=\"octicon octicon-link\" viewBox=\"0 0 16 16\" version=\"1.1\" width=\"16\" height=\"16\" aria-hidden=\"true\"><path fill-rule=\"evenodd\" d=\"M4 9h1v1H4c-1.5 0-3-1.69-3-3.5S2.55 3 4 3h4c1.45 0 3 1.69 3 3.5 0 1.41-.91 2.72-2 3.25V8.59c.58-.45 1-1.27 1-2.09C10 5.22 8.98 4 8 4H4c-.98 0-2 1.22-2 2.5S3 9 4 9zm9-3h-1v1h1c1 0 2 1.22 2 2.5S13.98 12 13 12H9c-.98 0-2-1.22-2-2.5 0-.83.42-1.64 1-2.09V6.25c-1.09.53-2 1.84-2 3.25C6 11.31 7.55 13 9 13h4c1.45 0 3-1.69 3-3.5S14.5 6 13 6z\"></path></svg></a>Markdown to HTML</h5>\r\n<div class=\"highlight highlight-text-html-basic\"><pre>&lt;<span class=\"pl-ent\">link</span> <span class=\"pl-e\">rel</span>=<span class=\"pl-s\"><span class=\"pl-pds\">\"</span>stylesheet<span class=\"pl-pds\">\"</span></span> <span class=\"pl-e\">href</span>=<span class=\"pl-s\"><span class=\"pl-pds\">\"</span>editormd/css/editormd.preview.css<span class=\"pl-pds\">\"</span></span> /&gt;\r\n&lt;<span class=\"pl-ent\">div</span> <span class=\"pl-e\">id</span>=<span class=\"pl-s\"><span class=\"pl-pds\">\"</span>test-markdown-view<span class=\"pl-pds\">\"</span></span>&gt;\r\n    <span class=\"pl-c\"><span class=\"pl-c\">&lt;!--</span> Server-side output Markdown text <span class=\"pl-c\">--&gt;</span></span>\r\n    &lt;<span class=\"pl-ent\">textarea</span> <span class=\"pl-e\">style</span>=<span class=\"pl-s\"><span class=\"pl-pds\">\"</span><span class=\"pl-s1\"><span class=\"pl-c1\"><span class=\"pl-c1\">display</span></span>:<span class=\"pl-c1\">none</span>;</span><span class=\"pl-pds\">\"</span></span>&gt;### Hello world!&lt;/<span class=\"pl-ent\">textarea</span>&gt;             \r\n&lt;/<span class=\"pl-ent\">div</span>&gt;\r\n&lt;<span class=\"pl-ent\">script</span> <span class=\"pl-e\">src</span>=<span class=\"pl-s\"><span class=\"pl-pds\">\"</span>jquery.min.js<span class=\"pl-pds\">\"</span></span>&gt;&lt;/<span class=\"pl-ent\">script</span>&gt;\r\n&lt;<span class=\"pl-ent\">script</span> <span class=\"pl-e\">src</span>=<span class=\"pl-s\"><span class=\"pl-pds\">\"</span>editormd/editormd.js<span class=\"pl-pds\">\"</span></span>&gt;&lt;/<span class=\"pl-ent\">script</span>&gt;\r\n&lt;<span class=\"pl-ent\">script</span> <span class=\"pl-e\">src</span>=<span class=\"pl-s\"><span class=\"pl-pds\">\"</span>editormd/lib/marked.min.js<span class=\"pl-pds\">\"</span></span>&gt;&lt;/<span class=\"pl-ent\">script</span>&gt;\r\n&lt;<span class=\"pl-ent\">script</span> <span class=\"pl-e\">src</span>=<span class=\"pl-s\"><span class=\"pl-pds\">\"</span>editormd/lib/prettify.min.js<span class=\"pl-pds\">\"</span></span>&gt;&lt;/<span class=\"pl-ent\">script</span>&gt;\r\n&lt;<span class=\"pl-ent\">script</span> <span class=\"pl-e\">type</span>=<span class=\"pl-s\"><span class=\"pl-pds\">\"</span>text/javascript<span class=\"pl-pds\">\"</span></span>&gt;<span class=\"pl-s1\"></span>\r\n<span class=\"pl-s1\">    <span class=\"pl-en\">$</span>(<span class=\"pl-k\">function</span>() {</span>\r\n<span class=\"pl-s1\">	    <span class=\"pl-k\">var</span> testView <span class=\"pl-k\">=</span> <span class=\"pl-smi\">editormd</span>.<span class=\"pl-en\">markdownToHTML</span>(<span class=\"pl-s\"><span class=\"pl-pds\">\"</span>test-markdown-view<span class=\"pl-pds\">\"</span></span>, {</span>\r\n<span class=\"pl-s1\">            <span class=\"pl-c\"><span class=\"pl-c\">//</span> markdown : \"[TOC]\\n### Hello world!\\n## Heading 2\", // Also, you can dynamic set Markdown text</span></span>\r\n<span class=\"pl-s1\">            <span class=\"pl-c\"><span class=\"pl-c\">//</span> htmlDecode : true,  // Enable / disable HTML tag encode.</span></span>\r\n<span class=\"pl-s1\">            <span class=\"pl-c\"><span class=\"pl-c\">//</span> htmlDecode : \"style,script,iframe\",  // Note: If enabled, you should filter some dangerous HTML tags for website security.</span></span>\r\n<span class=\"pl-s1\">        });</span>\r\n<span class=\"pl-s1\">    });</span>\r\n<span class=\"pl-s1\"></span>&lt;/<span class=\"pl-ent\">script</span>&gt;    </pre></div>\r\n<blockquote>\r\n<p>See the full example: <a href=\"http://editor.md.ipandao.com/examples/html-preview-markdown-to-html.html\" rel=\"nofollow\">http://editor.md.ipandao.com/examples/html-preview-markdown-to-html.html</a></p>\r\n</blockquote>\r\n<h5><a id=\"user-content-html-to-markdown\" class=\"anchor\" aria-hidden=\"true\" href=\"#html-to-markdown\"><svg class=\"octicon octicon-link\" viewBox=\"0 0 16 16\" version=\"1.1\" width=\"16\" height=\"16\" aria-hidden=\"true\"><path fill-rule=\"evenodd\" d=\"M4 9h1v1H4c-1.5 0-3-1.69-3-3.5S2.55 3 4 3h4c1.45 0 3 1.69 3 3.5 0 1.41-.91 2.72-2 3.25V8.59c.58-.45 1-1.27 1-2.09C10 5.22 8.98 4 8 4H4c-.98 0-2 1.22-2 2.5S3 9 4 9zm9-3h-1v1h1c1 0 2 1.22 2 2.5S13.98 12 13 12H9c-.98 0-2-1.22-2-2.5 0-.83.42-1.64 1-2.09V6.25c-1.09.53-2 1.84-2 3.25C6 11.31 7.55 13 9 13h4c1.45 0 3-1.69 3-3.5S14.5 6 13 6z\"></path></svg></a>HTML to Markdown?</h5>\r\n<p>Sorry, Editor.md not support HTML to Markdown parsing, Maybe In the future.</p>\r\n<h4><a id=\"user-content-examples\" class=\"anchor\" aria-hidden=\"true\" href=\"#examples\"><svg class=\"octicon octicon-link\" viewBox=\"0 0 16 16\" version=\"1.1\" width=\"16\" height=\"16\" aria-hidden=\"true\"><path fill-rule=\"evenodd\" d=\"M4 9h1v1H4c-1.5 0-3-1.69-3-3.5S2.55 3 4 3h4c1.45 0 3 1.69 3 3.5 0 1.41-.91 2.72-2 3.25V8.59c.58-.45 1-1.27 1-2.09C10 5.22 8.98 4 8 4H4c-.98 0-2 1.22-2 2.5S3 9 4 9zm9-3h-1v1h1c1 0 2 1.22 2 2.5S13.98 12 13 12H9c-.98 0-2-1.22-2-2.5 0-.83.42-1.64 1-2.09V6.25c-1.09.53-2 1.84-2 3.25C6 11.31 7.55 13 9 13h4c1.45 0 3-1.69 3-3.5S14.5 6 13 6z\"></path></svg></a>Examples</h4>\r\n<p><a href=\"https://pandao.github.io/editor.md/examples/index.html\" rel=\"nofollow\">https://pandao.github.io/editor.md/examples/index.html</a></p>\r\n<h4><a id=\"user-content-options\" class=\"anchor\" aria-hidden=\"true\" href=\"#options\"><svg class=\"octicon octicon-link\" viewBox=\"0 0 16 16\" version=\"1.1\" width=\"16\" height=\"16\" aria-hidden=\"true\"><path fill-rule=\"evenodd\" d=\"M4 9h1v1H4c-1.5 0-3-1.69-3-3.5S2.55 3 4 3h4c1.45 0 3 1.69 3 3.5 0 1.41-.91 2.72-2 3.25V8.59c.58-.45 1-1.27 1-2.09C10 5.22 8.98 4 8 4H4c-.98 0-2 1.22-2 2.5S3 9 4 9zm9-3h-1v1h1c1 0 2 1.22 2 2.5S13.98 12 13 12H9c-.98 0-2-1.22-2-2.5 0-.83.42-1.64 1-2.09V6.25c-1.09.53-2 1.84-2 3.25C6 11.31 7.55 13 9 13h4c1.45 0 3-1.69 3-3.5S14.5 6 13 6z\"></path></svg></a>Options</h4>\r\n<p>Editor.md options and default values:</p>\r\n<div class=\"highlight highlight-source-js\"><pre>{\r\n    mode                 <span class=\"pl-k\">:</span> <span class=\"pl-s\"><span class=\"pl-pds\">\"</span>gfm<span class=\"pl-pds\">\"</span></span>,          <span class=\"pl-c\"><span class=\"pl-c\">//</span> gfm or markdown</span>\r\n    name                 <span class=\"pl-k\">:</span> <span class=\"pl-s\"><span class=\"pl-pds\">\"</span><span class=\"pl-pds\">\"</span></span>,             <span class=\"pl-c\"><span class=\"pl-c\">//</span> Form element name for post</span>\r\n    value                <span class=\"pl-k\">:</span> <span class=\"pl-s\"><span class=\"pl-pds\">\"</span><span class=\"pl-pds\">\"</span></span>,             <span class=\"pl-c\"><span class=\"pl-c\">//</span> value for CodeMirror, if mode not gfm/markdown</span>\r\n    theme                <span class=\"pl-k\">:</span> <span class=\"pl-s\"><span class=\"pl-pds\">\"</span><span class=\"pl-pds\">\"</span></span>,             <span class=\"pl-c\"><span class=\"pl-c\">//</span> Editor.md self themes, before v1.5.0 is CodeMirror theme, default empty</span>\r\n    editorTheme          <span class=\"pl-k\">:</span> <span class=\"pl-s\"><span class=\"pl-pds\">\"</span>default<span class=\"pl-pds\">\"</span></span>,      <span class=\"pl-c\"><span class=\"pl-c\">//</span> Editor area, this is CodeMirror theme at v1.5.0</span>\r\n    previewTheme         <span class=\"pl-k\">:</span> <span class=\"pl-s\"><span class=\"pl-pds\">\"</span><span class=\"pl-pds\">\"</span></span>,             <span class=\"pl-c\"><span class=\"pl-c\">//</span> Preview area theme, default empty</span>\r\n    markdown             <span class=\"pl-k\">:</span> <span class=\"pl-s\"><span class=\"pl-pds\">\"</span><span class=\"pl-pds\">\"</span></span>,             <span class=\"pl-c\"><span class=\"pl-c\">//</span> Markdown source code</span>\r\n    appendMarkdown       <span class=\"pl-k\">:</span> <span class=\"pl-s\"><span class=\"pl-pds\">\"</span><span class=\"pl-pds\">\"</span></span>,             <span class=\"pl-c\"><span class=\"pl-c\">//</span> if in init textarea value not empty, append markdown to textarea</span>\r\n    width                <span class=\"pl-k\">:</span> <span class=\"pl-s\"><span class=\"pl-pds\">\"</span>100%<span class=\"pl-pds\">\"</span></span>,\r\n    height               <span class=\"pl-k\">:</span> <span class=\"pl-s\"><span class=\"pl-pds\">\"</span>100%<span class=\"pl-pds\">\"</span></span>,\r\n    path                 <span class=\"pl-k\">:</span> <span class=\"pl-s\"><span class=\"pl-pds\">\"</span>./lib/<span class=\"pl-pds\">\"</span></span>,       <span class=\"pl-c\"><span class=\"pl-c\">//</span> Dependents module file directory</span>\r\n    pluginPath           <span class=\"pl-k\">:</span> <span class=\"pl-s\"><span class=\"pl-pds\">\"</span><span class=\"pl-pds\">\"</span></span>,             <span class=\"pl-c\"><span class=\"pl-c\">//</span> If this empty, default use settings.path + \"../plugins/\"</span>\r\n    delay                <span class=\"pl-k\">:</span> <span class=\"pl-c1\">300</span>,            <span class=\"pl-c\"><span class=\"pl-c\">//</span> Delay parse markdown to html, Uint : ms</span>\r\n    autoLoadModules      <span class=\"pl-k\">:</span> <span class=\"pl-c1\">true</span>,           <span class=\"pl-c\"><span class=\"pl-c\">//</span> Automatic load dependent module files</span>\r\n    watch                <span class=\"pl-k\">:</span> <span class=\"pl-c1\">true</span>,\r\n    placeholder          <span class=\"pl-k\">:</span> <span class=\"pl-s\"><span class=\"pl-pds\">\"</span>Enjoy Markdown! coding now...<span class=\"pl-pds\">\"</span></span>,\r\n    gotoLine             <span class=\"pl-k\">:</span> <span class=\"pl-c1\">true</span>,           <span class=\"pl-c\"><span class=\"pl-c\">//</span> Enable / disable goto a line</span>\r\n    codeFold             <span class=\"pl-k\">:</span> <span class=\"pl-c1\">false</span>,\r\n    autoHeight           <span class=\"pl-k\">:</span> <span class=\"pl-c1\">false</span>,\r\n    autoFocus            <span class=\"pl-k\">:</span> <span class=\"pl-c1\">true</span>,           <span class=\"pl-c\"><span class=\"pl-c\">//</span> Enable / disable auto focus editor left input area</span>\r\n    autoCloseTags        <span class=\"pl-k\">:</span> <span class=\"pl-c1\">true</span>,\r\n    searchReplace        <span class=\"pl-k\">:</span> <span class=\"pl-c1\">true</span>,           <span class=\"pl-c\"><span class=\"pl-c\">//</span> Enable / disable (CodeMirror) search and replace function</span>\r\n    syncScrolling        <span class=\"pl-k\">:</span> <span class=\"pl-c1\">true</span>,           <span class=\"pl-c\"><span class=\"pl-c\">//</span> options: true | false | \"single\", default true</span>\r\n    readOnly             <span class=\"pl-k\">:</span> <span class=\"pl-c1\">false</span>,          <span class=\"pl-c\"><span class=\"pl-c\">//</span> Enable / disable readonly mode</span>\r\n    tabSize              <span class=\"pl-k\">:</span> <span class=\"pl-c1\">4</span>,\r\n    indentUnit           <span class=\"pl-k\">:</span> <span class=\"pl-c1\">4</span>,\r\n    lineNumbers          <span class=\"pl-k\">:</span> <span class=\"pl-c1\">true</span>,           <span class=\"pl-c\"><span class=\"pl-c\">//</span> Display editor line numbers</span>\r\n    lineWrapping         <span class=\"pl-k\">:</span> <span class=\"pl-c1\">true</span>,\r\n    autoCloseBrackets    <span class=\"pl-k\">:</span> <span class=\"pl-c1\">true</span>,\r\n    showTrailingSpace    <span class=\"pl-k\">:</span> <span class=\"pl-c1\">true</span>,\r\n    matchBrackets        <span class=\"pl-k\">:</span> <span class=\"pl-c1\">true</span>,\r\n    indentWithTabs       <span class=\"pl-k\">:</span> <span class=\"pl-c1\">true</span>,\r\n    styleSelectedText    <span class=\"pl-k\">:</span> <span class=\"pl-c1\">true</span>,\r\n    matchWordHighlight   <span class=\"pl-k\">:</span> <span class=\"pl-c1\">true</span>,           <span class=\"pl-c\"><span class=\"pl-c\">//</span> options: true, false, \"onselected\"</span>\r\n    styleActiveLine      <span class=\"pl-k\">:</span> <span class=\"pl-c1\">true</span>,           <span class=\"pl-c\"><span class=\"pl-c\">//</span> Highlight the current line</span>\r\n    dialogLockScreen     <span class=\"pl-k\">:</span> <span class=\"pl-c1\">true</span>,\r\n    dialogShowMask       <span class=\"pl-k\">:</span> <span class=\"pl-c1\">true</span>,\r\n    dialogDraggable      <span class=\"pl-k\">:</span> <span class=\"pl-c1\">true</span>,\r\n    dialogMaskBgColor    <span class=\"pl-k\">:</span> <span class=\"pl-s\"><span class=\"pl-pds\">\"</span>#fff<span class=\"pl-pds\">\"</span></span>,\r\n    dialogMaskOpacity    <span class=\"pl-k\">:</span> <span class=\"pl-c1\">0.1</span>,\r\n    fontSize             <span class=\"pl-k\">:</span> <span class=\"pl-s\"><span class=\"pl-pds\">\"</span>13px<span class=\"pl-pds\">\"</span></span>,\r\n    saveHTMLToTextarea   <span class=\"pl-k\">:</span> <span class=\"pl-c1\">false</span>,          <span class=\"pl-c\"><span class=\"pl-c\">//</span> If enable, Editor will create a &lt;textarea name=\"{editor-id}-html-code\"&gt; tag save HTML code for form post to server-side.</span>\r\n    disabledKeyMaps      <span class=\"pl-k\">:</span> [],\r\n    \r\n    <span class=\"pl-en\">onload</span>               <span class=\"pl-k\">:</span> <span class=\"pl-k\">function</span>() {},\r\n    <span class=\"pl-en\">onresize</span>             <span class=\"pl-k\">:</span> <span class=\"pl-k\">function</span>() {},\r\n    <span class=\"pl-en\">onchange</span>             <span class=\"pl-k\">:</span> <span class=\"pl-k\">function</span>() {},\r\n    onwatch              <span class=\"pl-k\">:</span> <span class=\"pl-c1\">null</span>,\r\n    onunwatch            <span class=\"pl-k\">:</span> <span class=\"pl-c1\">null</span>,\r\n    <span class=\"pl-en\">onpreviewing</span>         <span class=\"pl-k\">:</span> <span class=\"pl-k\">function</span>() {},\r\n    <span class=\"pl-en\">onpreviewed</span>          <span class=\"pl-k\">:</span> <span class=\"pl-k\">function</span>() {},\r\n    <span class=\"pl-en\">onfullscreen</span>         <span class=\"pl-k\">:</span> <span class=\"pl-k\">function</span>() {},\r\n    <span class=\"pl-en\">onfullscreenExit</span>     <span class=\"pl-k\">:</span> <span class=\"pl-k\">function</span>() {},\r\n    <span class=\"pl-en\">onscroll</span>             <span class=\"pl-k\">:</span> <span class=\"pl-k\">function</span>() {},\r\n    <span class=\"pl-en\">onpreviewscroll</span>      <span class=\"pl-k\">:</span> <span class=\"pl-k\">function</span>() {},\r\n    \r\n    imageUpload          <span class=\"pl-k\">:</span> <span class=\"pl-c1\">false</span>,          <span class=\"pl-c\"><span class=\"pl-c\">//</span> Enable/disable upload</span>\r\n    imageFormats         <span class=\"pl-k\">:</span> [<span class=\"pl-s\"><span class=\"pl-pds\">\"</span>jpg<span class=\"pl-pds\">\"</span></span>, <span class=\"pl-s\"><span class=\"pl-pds\">\"</span>jpeg<span class=\"pl-pds\">\"</span></span>, <span class=\"pl-s\"><span class=\"pl-pds\">\"</span>gif<span class=\"pl-pds\">\"</span></span>, <span class=\"pl-s\"><span class=\"pl-pds\">\"</span>png<span class=\"pl-pds\">\"</span></span>, <span class=\"pl-s\"><span class=\"pl-pds\">\"</span>bmp<span class=\"pl-pds\">\"</span></span>, <span class=\"pl-s\"><span class=\"pl-pds\">\"</span>webp<span class=\"pl-pds\">\"</span></span>],\r\n    imageUploadURL       <span class=\"pl-k\">:</span> <span class=\"pl-s\"><span class=\"pl-pds\">\"</span><span class=\"pl-pds\">\"</span></span>,             <span class=\"pl-c\"><span class=\"pl-c\">//</span> Upload url</span>\r\n    crossDomainUpload    <span class=\"pl-k\">:</span> <span class=\"pl-c1\">false</span>,          <span class=\"pl-c\"><span class=\"pl-c\">//</span> Enable/disable Cross-domain upload</span>\r\n    uploadCallbackURL    <span class=\"pl-k\">:</span> <span class=\"pl-s\"><span class=\"pl-pds\">\"</span><span class=\"pl-pds\">\"</span></span>,             <span class=\"pl-c\"><span class=\"pl-c\">//</span> Cross-domain upload callback url</span>\r\n\r\n    toc                  <span class=\"pl-k\">:</span> <span class=\"pl-c1\">true</span>,           <span class=\"pl-c\"><span class=\"pl-c\">//</span> Table of contents</span>\r\n    tocm                 <span class=\"pl-k\">:</span> <span class=\"pl-c1\">false</span>,          <span class=\"pl-c\"><span class=\"pl-c\">//</span> Using [TOCM], auto create ToC dropdown menu</span>\r\n    tocTitle             <span class=\"pl-k\">:</span> <span class=\"pl-s\"><span class=\"pl-pds\">\"</span><span class=\"pl-pds\">\"</span></span>,             <span class=\"pl-c\"><span class=\"pl-c\">//</span> for ToC dropdown menu button</span>\r\n    tocDropdown          <span class=\"pl-k\">:</span> <span class=\"pl-c1\">false</span>,          <span class=\"pl-c\"><span class=\"pl-c\">//</span> Enable/disable Table Of Contents dropdown menu</span>\r\n    tocContainer         <span class=\"pl-k\">:</span> <span class=\"pl-s\"><span class=\"pl-pds\">\"</span><span class=\"pl-pds\">\"</span></span>,             <span class=\"pl-c\"><span class=\"pl-c\">//</span> Custom Table Of Contents Container Selector</span>\r\n    tocStartLevel        <span class=\"pl-k\">:</span> <span class=\"pl-c1\">1</span>,              <span class=\"pl-c\"><span class=\"pl-c\">//</span> Said from H1 to create ToC</span>\r\n    htmlDecode           <span class=\"pl-k\">:</span> <span class=\"pl-c1\">false</span>,          <span class=\"pl-c\"><span class=\"pl-c\">//</span> Open the HTML tag identification </span>\r\n    pageBreak            <span class=\"pl-k\">:</span> <span class=\"pl-c1\">true</span>,           <span class=\"pl-c\"><span class=\"pl-c\">//</span> Enable parse page break [========]</span>\r\n    atLink               <span class=\"pl-k\">:</span> <span class=\"pl-c1\">true</span>,           <span class=\"pl-c\"><span class=\"pl-c\">//</span> for @link</span>\r\n    emailLink            <span class=\"pl-k\">:</span> <span class=\"pl-c1\">true</span>,           <span class=\"pl-c\"><span class=\"pl-c\">//</span> for email address auto link</span>\r\n    taskList             <span class=\"pl-k\">:</span> <span class=\"pl-c1\">false</span>,          <span class=\"pl-c\"><span class=\"pl-c\">//</span> Enable Github Flavored Markdown task lists</span>\r\n    emoji                <span class=\"pl-k\">:</span> <span class=\"pl-c1\">false</span>,          <span class=\"pl-c\"><span class=\"pl-c\">//</span> :emoji: , Support Github emoji, Twitter Emoji (Twemoji);</span>\r\n                                           <span class=\"pl-c\"><span class=\"pl-c\">//</span> Support FontAwesome icon emoji :fa-xxx: &gt; Using fontAwesome icon web fonts;</span>\r\n                                           <span class=\"pl-c\"><span class=\"pl-c\">//</span> Support Editor.md logo icon emoji :editormd-logo: :editormd-logo-1x: &gt; 1~8x;</span>\r\n    tex                  <span class=\"pl-k\">:</span> <span class=\"pl-c1\">false</span>,          <span class=\"pl-c\"><span class=\"pl-c\">//</span> TeX(LaTeX), based on KaTeX</span>\r\n    flowChart            <span class=\"pl-k\">:</span> <span class=\"pl-c1\">false</span>,          <span class=\"pl-c\"><span class=\"pl-c\">//</span> flowChart.js only support IE9+</span>\r\n    sequenceDiagram      <span class=\"pl-k\">:</span> <span class=\"pl-c1\">false</span>,          <span class=\"pl-c\"><span class=\"pl-c\">//</span> sequenceDiagram.js only support IE9+</span>\r\n    previewCodeHighlight <span class=\"pl-k\">:</span> <span class=\"pl-c1\">true</span>,           <span class=\"pl-c\"><span class=\"pl-c\">//</span> Enable / disable code highlight of editor preview area</span>\r\n\r\n    toolbar              <span class=\"pl-k\">:</span> <span class=\"pl-c1\">true</span>,           <span class=\"pl-c\"><span class=\"pl-c\">//</span> show or hide toolbar</span>\r\n    toolbarAutoFixed     <span class=\"pl-k\">:</span> <span class=\"pl-c1\">true</span>,           <span class=\"pl-c\"><span class=\"pl-c\">//</span> on window scroll auto fixed position</span>\r\n    toolbarIcons         <span class=\"pl-k\">:</span> <span class=\"pl-s\"><span class=\"pl-pds\">\"</span>full<span class=\"pl-pds\">\"</span></span>,         <span class=\"pl-c\"><span class=\"pl-c\">//</span> Toolbar icons mode, options: full, simple, mini, See `editormd.toolbarModes` property.</span>\r\n    toolbarTitles        <span class=\"pl-k\">:</span> {},\r\n    toolbarHandlers      <span class=\"pl-k\">:</span> {\r\n        <span class=\"pl-en\">ucwords</span> <span class=\"pl-k\">:</span> <span class=\"pl-k\">function</span>() {\r\n            <span class=\"pl-k\">return</span> <span class=\"pl-smi\">editormd</span>.<span class=\"pl-smi\">toolbarHandlers</span>.<span class=\"pl-smi\">ucwords</span>;\r\n        },\r\n        <span class=\"pl-en\">lowercase</span> <span class=\"pl-k\">:</span> <span class=\"pl-k\">function</span>() {\r\n            <span class=\"pl-k\">return</span> <span class=\"pl-smi\">editormd</span>.<span class=\"pl-smi\">toolbarHandlers</span>.<span class=\"pl-smi\">lowercase</span>;\r\n        }\r\n    },\r\n    toolbarCustomIcons   <span class=\"pl-k\">:</span> {               <span class=\"pl-c\"><span class=\"pl-c\">//</span> using html tag create toolbar icon, unused default &lt;a&gt; tag.</span>\r\n        lowercase        <span class=\"pl-k\">:</span> <span class=\"pl-s\"><span class=\"pl-pds\">\"</span>&lt;a href=<span class=\"pl-cce\">\\\"</span>javascript:;<span class=\"pl-cce\">\\\"</span> title=<span class=\"pl-cce\">\\\"</span>Lowercase<span class=\"pl-cce\">\\\"</span> unselectable=<span class=\"pl-cce\">\\\"</span>on<span class=\"pl-cce\">\\\"</span>&gt;&lt;i class=<span class=\"pl-cce\">\\\"</span>fa<span class=\"pl-cce\">\\\"</span> name=<span class=\"pl-cce\">\\\"</span>lowercase<span class=\"pl-cce\">\\\"</span> style=<span class=\"pl-cce\">\\\"</span>font-size:24px;margin-top: -10px;<span class=\"pl-cce\">\\\"</span>&gt;a&lt;/i&gt;&lt;/a&gt;<span class=\"pl-pds\">\"</span></span>,\r\n        <span class=\"pl-s\"><span class=\"pl-pds\">\"</span>ucwords<span class=\"pl-pds\">\"</span></span>        <span class=\"pl-k\">:</span> <span class=\"pl-s\"><span class=\"pl-pds\">\"</span>&lt;a href=<span class=\"pl-cce\">\\\"</span>javascript:;<span class=\"pl-cce\">\\\"</span> title=<span class=\"pl-cce\">\\\"</span>ucwords<span class=\"pl-cce\">\\\"</span> unselectable=<span class=\"pl-cce\">\\\"</span>on<span class=\"pl-cce\">\\\"</span>&gt;&lt;i class=<span class=\"pl-cce\">\\\"</span>fa<span class=\"pl-cce\">\\\"</span> name=<span class=\"pl-cce\">\\\"</span>ucwords<span class=\"pl-cce\">\\\"</span> style=<span class=\"pl-cce\">\\\"</span>font-size:20px;margin-top: -3px;<span class=\"pl-cce\">\\\"</span>&gt;Aa&lt;/i&gt;&lt;/a&gt;<span class=\"pl-pds\">\"</span></span>\r\n    },\r\n    toolbarIconTexts     <span class=\"pl-k\">:</span> {},\r\n    \r\n    lang <span class=\"pl-k\">:</span> {  <span class=\"pl-c\"><span class=\"pl-c\">//</span> Language data, you can custom your language.</span>\r\n        name        <span class=\"pl-k\">:</span> <span class=\"pl-s\"><span class=\"pl-pds\">\"</span>zh-cn<span class=\"pl-pds\">\"</span></span>,\r\n        description <span class=\"pl-k\">:</span> <span class=\"pl-s\"><span class=\"pl-pds\">\"</span>开源在线Markdown编辑器&lt;br/&gt;Open source online Markdown editor.<span class=\"pl-pds\">\"</span></span>,\r\n        tocTitle    <span class=\"pl-k\">:</span> <span class=\"pl-s\"><span class=\"pl-pds\">\"</span>目录<span class=\"pl-pds\">\"</span></span>,\r\n        toolbar     <span class=\"pl-k\">:</span> {\r\n            <span class=\"pl-c\"><span class=\"pl-c\">//</span>...</span>\r\n        },\r\n        button<span class=\"pl-k\">:</span> {\r\n            <span class=\"pl-c\"><span class=\"pl-c\">//</span>...</span>\r\n        },\r\n        dialog <span class=\"pl-k\">:</span> {\r\n            <span class=\"pl-c\"><span class=\"pl-c\">//</span>...</span>\r\n        }\r\n        <span class=\"pl-c\"><span class=\"pl-c\">//</span>...</span>\r\n    }\r\n}</pre></div>\r\n<h4><a id=\"user-content-dependents\" class=\"anchor\" aria-hidden=\"true\" href=\"#dependents\"><svg class=\"octicon octicon-link\" viewBox=\"0 0 16 16\" version=\"1.1\" width=\"16\" height=\"16\" aria-hidden=\"true\"><path fill-rule=\"evenodd\" d=\"M4 9h1v1H4c-1.5 0-3-1.69-3-3.5S2.55 3 4 3h4c1.45 0 3 1.69 3 3.5 0 1.41-.91 2.72-2 3.25V8.59c.58-.45 1-1.27 1-2.09C10 5.22 8.98 4 8 4H4c-.98 0-2 1.22-2 2.5S3 9 4 9zm9-3h-1v1h1c1 0 2 1.22 2 2.5S13.98 12 13 12H9c-.98 0-2-1.22-2-2.5 0-.83.42-1.64 1-2.09V6.25c-1.09.53-2 1.84-2 3.25C6 11.31 7.55 13 9 13h4c1.45 0 3-1.69 3-3.5S14.5 6 13 6z\"></path></svg></a>Dependents</h4>\r\n<ul>\r\n<li><a href=\"http://codemirror.net/\" title=\"CodeMirror\" rel=\"nofollow\">CodeMirror</a></li>\r\n<li><a href=\"https://github.com/markedjs/marked\" title=\"marked\">marked</a></li>\r\n<li><a href=\"http://jquery.com/\" title=\"jQuery\" rel=\"nofollow\">jQuery</a></li>\r\n<li><a href=\"http://fontawesome.io/\" title=\"FontAwesome\" rel=\"nofollow\">FontAwesome</a></li>\r\n<li><a href=\"https://github.com/sindresorhus/github-markdown-css\" title=\"github-markdown.css\">github-markdown.css</a></li>\r\n<li><a href=\"http://khan.github.io/KaTeX/\" title=\"KaTeX\" rel=\"nofollow\">KaTeX</a></li>\r\n<li><a href=\"http://code.google.com/p/google-code-prettify/\" title=\"prettify.js\" rel=\"nofollow\">prettify.js</a></li>\r\n<li><a href=\"http://raphaeljs.com/\" title=\"Rephael.js\" rel=\"nofollow\">Rephael.js</a></li>\r\n<li><a href=\"http://adrai.github.io/flowchart.js/\" title=\"flowchart.js\" rel=\"nofollow\">flowchart.js</a></li>\r\n<li><a href=\"http://bramp.github.io/js-sequence-diagrams/\" title=\"sequence-diagram.js\" rel=\"nofollow\">sequence-diagram.js</a></li>\r\n<li><a href=\"https://github.com/pandao/prefixes.scss\" title=\"Prefixes.scss\">Prefixes.scss</a></li>\r\n</ul>\r\n<h4><a id=\"user-content-changes\" class=\"anchor\" aria-hidden=\"true\" href=\"#changes\"><svg class=\"octicon octicon-link\" viewBox=\"0 0 16 16\" version=\"1.1\" width=\"16\" height=\"16\" aria-hidden=\"true\"><path fill-rule=\"evenodd\" d=\"M4 9h1v1H4c-1.5 0-3-1.69-3-3.5S2.55 3 4 3h4c1.45 0 3 1.69 3 3.5 0 1.41-.91 2.72-2 3.25V8.59c.58-.45 1-1.27 1-2.09C10 5.22 8.98 4 8 4H4c-.98 0-2 1.22-2 2.5S3 9 4 9zm9-3h-1v1h1c1 0 2 1.22 2 2.5S13.98 12 13 12H9c-.98 0-2-1.22-2-2.5 0-.83.42-1.64 1-2.09V6.25c-1.09.53-2 1.84-2 3.25C6 11.31 7.55 13 9 13h4c1.45 0 3-1.69 3-3.5S14.5 6 13 6z\"></path></svg></a>Changes</h4>\r\n<p><a href=\"https://github.com/pandao/editor.md/blob/master/CHANGE.md\">Change logs</a></p>\r\n<h4><a id=\"user-content-license\" class=\"anchor\" aria-hidden=\"true\" href=\"#license\"><svg class=\"octicon octicon-link\" viewBox=\"0 0 16 16\" version=\"1.1\" width=\"16\" height=\"16\" aria-hidden=\"true\"><path fill-rule=\"evenodd\" d=\"M4 9h1v1H4c-1.5 0-3-1.69-3-3.5S2.55 3 4 3h4c1.45 0 3 1.69 3 3.5 0 1.41-.91 2.72-2 3.25V8.59c.58-.45 1-1.27 1-2.09C10 5.22 8.98 4 8 4H4c-.98 0-2 1.22-2 2.5S3 9 4 9zm9-3h-1v1h1c1 0 2 1.22 2 2.5S13.98 12 13 12H9c-.98 0-2-1.22-2-2.5 0-.83.42-1.64 1-2.09V6.25c-1.09.53-2 1.84-2 3.25C6 11.31 7.55 13 9 13h4c1.45 0 3-1.69 3-3.5S14.5 6 13 6z\"></path></svg></a>License</h4>\r\n<p>The MIT License.</p>\r\n<p>Copyright (c) 2015-2019 Pandao</p>\r\n</article>', '2', 1);
INSERT INTO `entity_blog` VALUES (4, '5 种编程语言可能注定失败！', 111, '2019-08-01 12:49:51', '5 种编程语言可能注定失败！5 种编程语言可能注定失败！5 种编程语言可能注定失败！5 种编程语言可能注定失败！5 种编程语言可能注定失败！', 'asdfasdfsdwererwqerqw', '2', 2);
INSERT INTO `entity_blog` VALUES (5, '为程序员讨回失去的午觉，我被投诉了，差点吃官司', 111, '2019-08-06 22:49:51', '为程序员讨回失去的午觉，我被投诉了，差点吃官司为程序员讨回失去的午觉，我被投诉了，差点吃官司为程序员讨回失去的午觉，我被投诉了，差点吃官司为程序员讨回失去的午觉，我被投诉了，差点吃官司', 'asdfasdfasdfadsfnakdjfklasjdflkasdf', '3', 3);
INSERT INTO `entity_blog` VALUES (6, '1', 111, '2019-08-11 12:07:21', '1', '1', '1', 1);
INSERT INTO `entity_blog` VALUES (7, '1', 111, '2019-08-11 14:38:28', '1', '1', '1', 1);
INSERT INTO `entity_blog` VALUES (8, '啊手动阀手动阀', 111, '2019-08-11 20:09:20', 'Disabled optionsEditor.md directoryDisabled optio', '<div class=\"markdown-toc editormd-markdown-toc\"><ul class=\"markdown-toc-list\"><li><a class=\"toc-level-4\" href=\"#Disabled options\" level=\"4\">Disabled options</a></li><li><a class=\"toc-level-4\" href=\"#Editor.md directory\" level=\"4\">Editor.md directory</a><ul></ul></li></ul></div><h4 id=\"h4-disabled-options\"><a name=\"Disabled options\" class=\"reference-link\"></a><span class=\"header-link octicon octicon-link\"></span>Disabled options</h4><ul>\n<li>TeX (Based on KaTeX);</li><li>Emoji;</li><li>Task lists;</li><li>HTML tags decode;</li><li>Flowchart and Sequence Diagram;</li></ul>\n<h4 id=\"h4-editor-md-directory\"><a name=\"Editor.md directory\" class=\"reference-link\"></a><span class=\"header-link octicon octicon-link\"></span>Editor.md directory</h4><p>editor.md/<br>        lib/<br>        css/<br>        scss/<br>        tests/<br>        fonts/<br>        images/<br>        plugins/<br>        examples/<br>        languages/<br>        editormd.js<br>        …</p>\n', '1', 1);
INSERT INTO `entity_blog` VALUES (9, 'asdf ', 111, '2019-08-11 20:14:56', 'Disabled optionsEditor.md directoryDisabled optio', '<div class=\"markdown-toc editormd-markdown-toc\"><ul class=\"markdown-toc-list\"><li><a class=\"toc-level-4\" href=\"#Disabled options\" level=\"4\">Disabled options</a></li><li><a class=\"toc-level-4\" href=\"#Editor.md directory\" level=\"4\">Editor.md directory</a><ul></ul></li></ul></div><h4 id=\"h4-disabled-options\"><a name=\"Disabled options\" class=\"reference-link\"></a><span class=\"header-link octicon octicon-link\"></span>Disabled options</h4><ul>\n<li>TeX (Based on KaTeX);</li><li>Emoji;</li><li>Task lists;</li><li>HTML tags decode;</li><li>Flowchart and Sequence Diagram;</li></ul>\n<h4 id=\"h4-editor-md-directory\"><a name=\"Editor.md directory\" class=\"reference-link\"></a><span class=\"header-link octicon octicon-link\"></span>Editor.md directory</h4><p>editor.md/<br>        lib/<br>        css/<br>        scss/<br>        tests/<br>        fonts/<br>        images/<br>        plugins/<br>        examples/<br>        languages/<br>        editormd.js<br>        …</p>\n', '1', 1);
INSERT INTO `entity_blog` VALUES (10, '一个不得了的网站', 111, '2019-08-11 20:19:16', '一个不得了的网站Editor.md directoryeditor.md/\n        lib', '<h3 id=\"h3-u4E00u4E2Au4E0Du5F97u4E86u7684u7F51u7AD9\"><a name=\"一个不得了的网站\" class=\"reference-link\"></a><span class=\"header-link octicon octicon-link\"></span>一个不得了的网站</h3><h4 id=\"h4-editor-md-directory\"><a name=\"Editor.md directory\" class=\"reference-link\"></a><span class=\"header-link octicon octicon-link\"></span>Editor.md directory</h4><pre><code>editor.md/\n        lib/\n        css/\n        scss/\n        tests/\n        fonts/\n        images/\n        plugins/\n        examples/\n        languages/\n        editormd.js\n        ...\n</code></pre>', '1', 1);
INSERT INTO `entity_blog` VALUES (11, '如果开发一个博客系统', 111, '2019-08-11 21:08:08', '你好，这是一个博客\n\n\n\n\n中杯\n\n\n\n\n大杯\n\n\n\n\n特大杯\n', '<pre><code>你好，这是一个博客\n\n\n\n\n中杯\n\n\n\n\n大杯\n\n\n\n\n特大杯\n</code></pre>', '1', 1);
INSERT INTO `entity_blog` VALUES (12, '123456的博客', 222, '2019-08-11 21:08:49', 'Disabled optionsEditor.md directoryDisabled optio', '<div class=\"markdown-toc editormd-markdown-toc\"><ul class=\"markdown-toc-list\"><li><a class=\"toc-level-4\" href=\"#Disabled options\" level=\"4\">Disabled options</a></li><li><a class=\"toc-level-4\" href=\"#Editor.md directory\" level=\"4\">Editor.md directory</a><ul></ul></li></ul></div><h4 id=\"h4-disabled-options\"><a name=\"Disabled options\" class=\"reference-link\"></a><span class=\"header-link octicon octicon-link\"></span>Disabled options</h4><ul>\n<li>TeX (Based on KaTeX);</li><li>Emoji;</li><li>Task lists;</li><li>HTML tags decode;</li><li>Flowchart and Sequence Diagram;</li></ul>\n<h4 id=\"h4-editor-md-directory\"><a name=\"Editor.md directory\" class=\"reference-link\"></a><span class=\"header-link octicon octicon-link\"></span>Editor.md directory</h4><p>editor.md/<br>        lib/<br>        css/<br>        scss/<br>        tests/<br>        fonts/<br>        images/<br>        plugins/<br>        examples/<br>        languages/<br>        editormd.js<br>        …</p>\n', '1', 1);
INSERT INTO `entity_blog` VALUES (13, '', 222, '2019-08-11 21:09:49', 'Disabled optionsEditor.md directoryDisabled optio', '<div class=\"markdown-toc editormd-markdown-toc\"><ul class=\"markdown-toc-list\"><li><a class=\"toc-level-4\" href=\"#Disabled options\" level=\"4\">Disabled options</a></li><li><a class=\"toc-level-4\" href=\"#Editor.md directory\" level=\"4\">Editor.md directory</a><ul></ul></li></ul></div><h4 id=\"h4-disabled-options\"><a name=\"Disabled options\" class=\"reference-link\"></a><span class=\"header-link octicon octicon-link\"></span>Disabled options</h4><ul>\n<li>TeX (Based on KaTeX);</li><li>Emoji;</li><li>Task lists;</li><li>HTML tags decode;</li><li>Flowchart and Sequence Diagram;</li></ul>\n<h4 id=\"h4-editor-md-directory\"><a name=\"Editor.md directory\" class=\"reference-link\"></a><span class=\"header-link octicon octicon-link\"></span>Editor.md directory</h4><p>editor.md/<br>        lib/<br>        css/<br>        scss/<br>        tests/<br>        fonts/<br>        images/<br>        plugins/<br>        examples/<br>        languages/<br>        editormd.js<br>        …</p>\n', '1', 1);

-- ----------------------------
-- Table structure for entity_blog_class
-- ----------------------------
DROP TABLE IF EXISTS `entity_blog_class`;
CREATE TABLE `entity_blog_class`  (
  `id` int(11) NOT NULL AUTO_INCREMENT,
  `class_name` varchar(255) CHARACTER SET utf8mb4 COLLATE utf8mb4_general_ci DEFAULT NULL,
  PRIMARY KEY (`id`) USING BTREE
) ENGINE = InnoDB AUTO_INCREMENT = 6 CHARACTER SET = utf8mb4 COLLATE = utf8mb4_general_ci ROW_FORMAT = Dynamic;

-- ----------------------------
-- Records of entity_blog_class
-- ----------------------------
INSERT INTO `entity_blog_class` VALUES (1, 'Java');
INSERT INTO `entity_blog_class` VALUES (2, 'Python');
INSERT INTO `entity_blog_class` VALUES (3, '前端');
INSERT INTO `entity_blog_class` VALUES (4, '后端');
INSERT INTO `entity_blog_class` VALUES (5, 'Vue');

-- ----------------------------
-- Table structure for entity_comment
-- ----------------------------
DROP TABLE IF EXISTS `entity_comment`;
CREATE TABLE `entity_comment`  (
  `id` int(11) NOT NULL,
  PRIMARY KEY (`id`) USING BTREE
) ENGINE = InnoDB CHARACTER SET = utf8mb4 COLLATE = utf8mb4_general_ci ROW_FORMAT = Dynamic;

-- ----------------------------
-- Table structure for entity_cyun
-- ----------------------------
DROP TABLE IF EXISTS `entity_cyun`;
CREATE TABLE `entity_cyun`  (
  `id` int(11) NOT NULL,
  PRIMARY KEY (`id`) USING BTREE
) ENGINE = InnoDB CHARACTER SET = utf8mb4 COLLATE = utf8mb4_general_ci ROW_FORMAT = Dynamic;

-- ----------------------------
-- Table structure for entity_cyun_class
-- ----------------------------
DROP TABLE IF EXISTS `entity_cyun_class`;
CREATE TABLE `entity_cyun_class`  (
  `id` int(11) NOT NULL,
  PRIMARY KEY (`id`) USING BTREE
) ENGINE = InnoDB CHARACTER SET = utf8mb4 COLLATE = utf8mb4_general_ci ROW_FORMAT = Dynamic;

-- ----------------------------
-- Table structure for entity_state
-- ----------------------------
DROP TABLE IF EXISTS `entity_state`;
CREATE TABLE `entity_state`  (
  `id` int(11) NOT NULL,
  `state_name` varchar(255) CHARACTER SET utf8mb4 COLLATE utf8mb4_general_ci DEFAULT NULL COMMENT '信息状态',
  PRIMARY KEY (`id`) USING BTREE
) ENGINE = InnoDB CHARACTER SET = utf8mb4 COLLATE = utf8mb4_general_ci ROW_FORMAT = Dynamic;

-- ----------------------------
-- Records of entity_state
-- ----------------------------
INSERT INTO `entity_state` VALUES (1, '发布中');
INSERT INTO `entity_state` VALUES (2, '草稿');
INSERT INTO `entity_state` VALUES (3, '删除');
INSERT INTO `entity_state` VALUES (4, '退回');

-- ----------------------------
-- Table structure for entity_user
-- ----------------------------
DROP TABLE IF EXISTS `entity_user`;
CREATE TABLE `entity_user`  (
  `id` varchar(255) CHARACTER SET utf8mb4 COLLATE utf8mb4_general_ci NOT NULL,
  `username` varchar(255) CHARACTER SET utf8mb4 COLLATE utf8mb4_general_ci NOT NULL COMMENT '用户名',
  `password` varchar(255) CHARACTER SET utf8mb4 COLLATE utf8mb4_general_ci NOT NULL COMMENT '用户密码',
  `head_portrait` varchar(255) CHARACTER SET utf8mb4 COLLATE utf8mb4_general_ci DEFAULT NULL COMMENT '头像URL',
  `signature` varchar(255) CHARACTER SET utf8mb4 COLLATE utf8mb4_general_ci DEFAULT NULL COMMENT '签名',
  `birthday` varchar(255) CHARACTER SET utf8mb4 COLLATE utf8mb4_general_ci DEFAULT NULL COMMENT '生日',
  `sex` varchar(255) CHARACTER SET utf8mb4 COLLATE utf8mb4_general_ci DEFAULT NULL COMMENT '性别',
  `city` varchar(255) CHARACTER SET utf8mb4 COLLATE utf8mb4_general_ci DEFAULT NULL COMMENT '城市',
  `phone` varchar(255) CHARACTER SET utf8mb4 COLLATE utf8mb4_general_ci DEFAULT NULL COMMENT '手机号',
  `mail` varchar(255) CHARACTER SET utf8mb4 COLLATE utf8mb4_general_ci DEFAULT NULL COMMENT '邮箱号',
  `host_name` varchar(255) CHARACTER SET utf8mb4 COLLATE utf8mb4_general_ci DEFAULT NULL COMMENT '个人首页地址',
  `nickname` varchar(255) CHARACTER SET utf8mb4 COLLATE utf8mb4_general_ci DEFAULT NULL COMMENT '昵称',
  PRIMARY KEY (`id`) USING BTREE
) ENGINE = InnoDB CHARACTER SET = utf8mb4 COLLATE = utf8mb4_general_ci ROW_FORMAT = Dynamic;

-- ----------------------------
-- Records of entity_user
-- ----------------------------
INSERT INTO `entity_user` VALUES ('111', 'admin', '$2a$10$OYkw/El58TdHOsZPQeJrJ.OjeAadYuuHvfXXkfuX1JrqKhIpleb4K', NULL, NULL, NULL, NULL, NULL, NULL, NULL, NULL, NULL);
INSERT INTO `entity_user` VALUES ('222', '123456', '$2a$10$OYkw/El58TdHOsZPQeJrJ.OjeAadYuuHvfXXkfuX1JrqKhIpleb4K', NULL, NULL, NULL, NULL, NULL, NULL, NULL, NULL, NULL);

-- ----------------------------
-- Table structure for entity_user_class
-- ----------------------------
DROP TABLE IF EXISTS `entity_user_class`;
CREATE TABLE `entity_user_class`  (
  `id` int(11) NOT NULL,
  PRIMARY KEY (`id`) USING BTREE
) ENGINE = InnoDB CHARACTER SET = utf8mb4 COLLATE = utf8mb4_general_ci ROW_FORMAT = Dynamic;

-- ----------------------------
-- Table structure for entity_vibo
-- ----------------------------
DROP TABLE IF EXISTS `entity_vibo`;
CREATE TABLE `entity_vibo`  (
  `id` int(11) NOT NULL,
  PRIMARY KEY (`id`) USING BTREE
) ENGINE = InnoDB CHARACTER SET = utf8mb4 COLLATE = utf8mb4_general_ci ROW_FORMAT = Dynamic;

-- ----------------------------
-- Table structure for entity_vibo_class
-- ----------------------------
DROP TABLE IF EXISTS `entity_vibo_class`;
CREATE TABLE `entity_vibo_class`  (
  `id` int(11) NOT NULL,
  PRIMARY KEY (`id`) USING BTREE
) ENGINE = InnoDB CHARACTER SET = utf8mb4 COLLATE = utf8mb4_general_ci ROW_FORMAT = Dynamic;

-- ----------------------------
-- Table structure for entity_vlog
-- ----------------------------
DROP TABLE IF EXISTS `entity_vlog`;
CREATE TABLE `entity_vlog`  (
  `id` int(11) NOT NULL,
  PRIMARY KEY (`id`) USING BTREE
) ENGINE = InnoDB CHARACTER SET = utf8mb4 COLLATE = utf8mb4_general_ci ROW_FORMAT = Dynamic;

-- ----------------------------
-- Table structure for entity_vlog_class
-- ----------------------------
DROP TABLE IF EXISTS `entity_vlog_class`;
CREATE TABLE `entity_vlog_class`  (
  `id` int(11) NOT NULL,
  PRIMARY KEY (`id`) USING BTREE
) ENGINE = InnoDB CHARACTER SET = utf8mb4 COLLATE = utf8mb4_general_ci ROW_FORMAT = Dynamic;

-- ----------------------------
-- Table structure for persistent_logins
-- ----------------------------
DROP TABLE IF EXISTS `persistent_logins`;
CREATE TABLE `persistent_logins`  (
  `username` varchar(64) CHARACTER SET utf8mb4 COLLATE utf8mb4_general_ci NOT NULL,
  `series` varchar(64) CHARACTER SET utf8mb4 COLLATE utf8mb4_general_ci NOT NULL,
  `token` varchar(64) CHARACTER SET utf8mb4 COLLATE utf8mb4_general_ci NOT NULL,
  `last_used` timestamp(0) NOT NULL DEFAULT CURRENT_TIMESTAMP ON UPDATE CURRENT_TIMESTAMP(0),
  PRIMARY KEY (`series`) USING BTREE
) ENGINE = InnoDB CHARACTER SET = utf8mb4 COLLATE = utf8mb4_general_ci ROW_FORMAT = Dynamic;

SET FOREIGN_KEY_CHECKS = 1;
